route_number,route_id
206,30-01
256,31-01
208,30-03
258,31-03
209,30-04
947,31-05
210,30-06
211,30-07
212,30-08
213,30-09
214,30-10
215,30-11
216,30-12
884,0000-01
783,007-01
2,0100-01
3,0100-02
4,0100-03
784,1000-01
1200,1001-01
1220,1001-02
1221,1001-03
1222,1001-04
1223,1001-05
1237,1001-06
3515,1001-08
3514,1001-09
3516,1001-10
4642,1002-01
989,1010-01
6,101-01
1192,1020-01
8,102-01
1312,102-02
12,1030-01
13,1030-05
10,103-01
870,104-01
6122,1050-01
1421,105-01
6428,105-02
7778,105-03
1423,106-01
2118,107-01
3555,108-01
15,1115-01
16,1115-02
18,1120A-01
20,1122A-01
21,1122A-05
23,1122B-01
25,1129A-01
27,1129B-01
29,1144A-01
31,1144C-01
788,1144C-03
33,1145-01
6247,1145-04
35,1146A-01
37,1148A-01
39,1148B-01
40,1148B-02
41,1148B-03
43,1170-01
6354,1170-02
45,1207A-01
46,1207A-02
3402,1207A-04
3404,1207A-05
48,1207B-01
49,1207B-03
50,1207B-05
976,1207B-06
977,1207B-07
3407,1207B-08
52,1207C-01
3410,1207C-03
54,1404A-01
55,1404A-03
1066,1404A-05
1067,1404A-06
2654,1404A-07
3055,1404A-08
3056,1404A-09
3415,1404A-10
3416,1404A-11
6333,1404A-13
57,1404B-01
2514,1404B-03
2655,1404B-04
3316,1404B-05
6334,1404B-07
59,1404C-01
2454,1404C-02
2474,1404C-03
2534,1404C-04
3317,1404C-05
6335,1404C-06
61,1404R-01
63,1404S-01
64,1404S-02
66,1502-01
3334,1502-02
6198,1502-03
68,1505-01
69,1505-02
70,1505-03
3354,1505-05
3355,1505-06
3356,1505-07
6199,1505-08
6467,1505-09
6468,1505-10
72,1505R-01
73,1505R-02
74,1505R-03
6386,1505R-04
76,1509-02
77,1509-05
3357,1509-07
6200,1509-08
79,1510-01
3294,1510-03
6201,1510-04
787,2000-01
1913,2001-01
1914,2001-02
1915,2001-03
1916,2001-04
3498,2001-09
3499,2001-10
3195,2002-01
3196,2002-02
729,2004-01
730,2004-02
731,2004-03
732,2004-04
81,201-01
82,201-02
2154,201-03
7539,2020-01
7540,2020-02
7541,2020-03
84,202-01
3721,202-02
86,203-01
5291,2031-01
5293,2032-01
5628,2033-01
6269,2033-02
5630,2034-01
6244,2034-02
5632,2035-01
6245,2035-02
88,204-01
872,205-01
1442,205-02
2557,206-01
2558,206-02
2559,206-03
2560,206-04
5634,207-01
6640,208-01
90,2101-01
91,2101-02
3358,2101-03
6202,2101-04
93,2102-01
94,2102-02
95,2102-03
789,2102-04
6207,2102-05
97,2103-01
3359,2103-03
3574,2103-04
6210,2103-05
98,2103-06
100,2104-01
101,2104-02
102,2104-03
103,2104-04
2995,2104-05
3360,2104-06
3361,2104-07
6213,2104-08
6357,2104-09
105,2150-01
6359,2150-02
107,2151-01
6272,2151-02
109,2152-01
6362,2152-02
7659,2153-01
111,2207-01
112,2207-03
113,2207-04
790,2207-05
3094,2207-06
3095,2207-07
4217,2207-08
4295,2207-09
115,2207Z-01
117,2208B-01
118,2208B-02
119,2208B-04
791,2208B-05
792,2208B-06
1902,2208B-07
1903,2208B-08
2854,2208B-09
2855,2208B-10
121,2210A-01
122,2210A-02
124,2210B-01
125,2210B-02
126,2210B-03
2175,2210B-04
128,2210C-01
129,2210C-02
130,2210C-03
2416,2210C-04
2778,2210C-05
2795,2210C-06
132,2211A-01
133,2211A-02
134,2211A-03
1303,2211A-04
1305,2211A-05
136,2211B-01
137,2211B-03
139,2212A-01
140,2212A-02
1317,2212A-03
2176,2212A-04
2177,2212A-05
2779,2212A-06
142,2212B-01
143,2212B-02
1050,2212B-03
2178,2212B-04
2179,2212B-05
145,2212C-01
1462,2212C-02
1463,2212C-03
2975,2212C-04
2976,2212C-05
147,2213-01
149,2214-01
150,2214-02
1306,2214-03
2234,2214-04
2235,2214-05
2236,2214-06
2237,2214-07
2238,2214-08
152,2214R-01
154,2214Z-01
156,2215A-01
157,2215A-02
158,2215A-03
159,2215A-04
160,2215A-05
161,2215A-06
162,2215A-07
1466,2215A-08
2035,2215A-09
2180,2215A-10
2181,2215A-11
4397,2215A-12
4396,2215A-13
5156,2215A-14
164,2215B-01
165,2215B-02
166,2215B-03
167,2215B-04
168,2215B-05
169,2215B-06
170,2215B-07
2781,2215B-08
2797,2215B-09
172,2215C-01
173,2215C-02
793,2215C-03
2782,2215C-04
2798,2215C-05
175,2215D-02
176,2215D-03
2775,2215D-04
178,2215R-01
180,2216-01
1467,2216-03
1468,2216-04
182,2224A-01
183,2224A-02
184,2224A-05
185,2224A-06
794,2224A-07
1051,2224A-08
3216,2224A-09
4218,2224A-10
4219,2224A-11
187,2224C-02
795,2224C-03
1924,2224C-04
2776,2224C-05
2794,2224C-06
189,2224R-01
191,2234A-01
192,2234A-02
193,2234A-04
1024,2234A-05
1025,2234A-06
1936,2234A-07
195,2234B-01
1026,2234B-03
1027,2234B-04
197,2256A-01
198,2256A-02
199,2256A-03
1398,2256A-04
1763,2256A-05
4220,2256A-06
4221,2256A-07
4276,2256A-08
4277,2256A-09
201,2256B-01
202,2256B-02
204,2402A-01
3418,2402A-03
867,3000-01
5400,3000-02
5419,3001-01
207,30-02
5418,3002-01
221,301-01
222,301-02
223,301-03
1000,301-04
6498,301-05
8035,3011-01
217,30-14
218,30-15
219,30-16
6265,30-17
8019,3020-01
225,302-01
226,302-03
227,302-04
1085,302-05
2335,302-06
4018,3029-01
7838,3029-02
5713,3030-01
5714,3030-02
6248,3030-03
7358,3030-04
229,303-01
230,303-02
873,303-03
232,304-01
238,3050-01
239,3050-03
234,305-01
240,3050-10
241,3050-11
1032,3050-12
1064,3050-13
1399,3050-14
1702,3050-15
1703,3050-16
4074,3050-17
4238,3050-18
6273,3050-19
235,305-02
236,305-03
3974,305-04
3975,305-05
4494,305-06
243,3051-01
1004,3051-02
5956,3051-03
6274,3051-04
245,3052-01
246,3052-02
1212,3052-03
247,3052-04
3174,3052-05
6275,3052-06
7518,3052-07
905,3053-01
6016,3053-02
6683,3053-03
6684,3053-04
908,3054-01
4314,3054-02
6249,3054-03
1115,3055-01
1116,3055-02
1117,3055-03
2634,3055-04
3154,3055-05
6277,3055-06
6459,3055-07
7340,3055-08
7478,3055-09
249,308-01
250,308-02
251,308-03
253,309-01
254,309-02
1189,309-03
260,310-01
261,310-02
262,310-03
257,31-02
946,31-04
264,311-01
1003,311-02
1955,311-03
1956,311-04
1957,311-05
2334,311-06
266,313-01
268,314-01
4021,3150-01
926,315-01
927,315-02
270,316-01
272,317-01
273,317-02
275,318-01
276,318-02
277,318-03
278,318-04
1057,318-05
2694,318-06
4958,318-08
280,319-01
281,319-02
1316,319-03
3854,319-04
283,320-01
3134,320-02
3135,320-03
3136,320-04
3137,320-05
3138,320-06
929,32-01
930,32-02
931,32-03
932,32-04
995,32-05
996,32-06
2994,32-07
6659,32-08
285,321-01
286,321-02
7419,3250-01
915,325-01
1001,325-02
917,326-01
919,327-01
920,327-02
972,327-03
922,328-01
1842,328-02
924,329-01
2695,329-02
934,330-01
975,330-02
1022,330-03
1682,330-04
1683,330-05
2575,330-06
2576,330-07
6078,330-08
899,33-01
288,3301A-01
6254,3301A-03
290,3301B-01
1058,3301B-02
6384,3301B-03
6383,3301B-04
900,33-02
292,3302A-01
293,3302A-03
294,3302A-04
2182,3302A-05
2183,3302A-06
2974,3302A-07
5821,3302A-08
6255,3302A-09
6381,3302A-10
296,3302B-01
297,3302B-02
5822,3302B-03
6379,3302B-04
6378,3302B-05
299,3302D-01
2294,3302D-02
2295,3302D-03
6419,3302D-04
6374,3302D-05
901,33-03
902,33-04
997,33-05
1742,33-06
6266,33-07
936,331-01
974,331-02
1686,331-03
938,332-01
4836,332-02
940,333-01
942,334-01
911,3350-01
1319,335-01
2186,336-01
3914,336-02
3915,336-03
3997,337-01
7559,338-01
4015,340-01
4016,340-02
6698,340-03
970,34-01
971,34-02
3995,341-01
5256,341-02
3999,342-01
4000,342-02
4001,342-03
4002,342-04
301,350-01
987,35-01
755,3501A-01
756,3501A-04
1602,3501A-05
2360,3501A-06
3419,3501A-07
3420,3501A-08
3421,3501A-09
3719,3501A-10
3718,3501A-11
4614,3501A-12
6336,3501A-13
6337,3501A-14
6338,3501A-15
6339,3501A-16
6372,3501A-17
303,3501B-01
3434,3501B-03
6340,3501B-04
3735,35-02
305,3502-01
1040,3502-02
3362,3502-03
6364,3502-04
307,3503A-01
308,3503A-02
309,3503A-03
310,3503A-05
1307,3503A-06
3318,3503A-07
3319,3503A-08
3320,3503A-09
3321,3503A-10
6341,3503A-11
6342,3503A-12
6343,3503A-13
6370,3503A-14
951,4000-01
1202,4001-01
1216,4001-02
1217,4001-03
1218,4001-04
1219,4001-05
1239,4001-06
3494,4001-07
3495,4001-08
3496,4001-09
3497,4001-10
1215,4002-01
1301,4002-02
4636,4003-01
4639,4004-01
312,401-01
313,401-03
315,402-01
316,402-03
317,402-04
318,402-05
319,402-06
324,4030-02
321,403-01
322,403-02
962,4031-01
6246,4031-02
326,4032-01
327,4032-02
1762,4032-03
6278,4032-04
329,4033-01
863,4033-02
1068,4033-03
6279,4033-04
331,4034-01
332,4034-02
857,4034-03
859,4034-04
1073,4034-05
1075,4034-06
3034,4034-07
3035,4034-08
4398,4034-09
4399,4034-10
6280,4034-11
6460,4034-12
8058,4034-13
5295,4036-01
5716,4037-01
6281,4037-02
6878,4037-03
2816,404-01
5297,405-01
5706,406-01
734,4102-01
735,4102-02
2434,4102-03
5896,4102-04
6211,4102-05
6418,4102-06
334,4103-01
335,4103-02
2074,4103-05
4736,4103-06
6208,4103-07
7378,4103-08
7700,4103-09
7701,4103-10
7498,4103-11
7679,4103-12
7680,4103-13
337,4106-01
338,4106-02
6206,4106-03
340,4107-01
341,4107-02
3363,4107-04
4696,4107-06
6204,4107-07
6371,4107-08
343,4107R-01
796,4107R-02
889,4107R-03
966,4107R-04
963,4107R-05
964,4107R-06
965,4107R-07
345,4108-01
346,4108-02
3364,4108-03
5979,4108-04
6215,4108-05
6373,4108-06
737,4110-01
2856,4110-03
2857,4110-04
3365,4110-05
6216,4110-06
7958,4110-07
739,4111-01
740,4111-02
741,4111-03
1582,4111-04
1583,4111-05
2635,4111-06
3366,4111-07
3367,4111-08
3368,4111-09
3369,4111-10
6377,4111-11
6375,4111-12
348,4113-01
349,4113-03
3370,4113-05
3371,4113-06
4856,4113-07
6219,4113-08
6380,4113-09
743,4114-01
744,4114-02
6220,4114-03
351,4150-02
2996,4150-03
353,4201-01
3372,4201-03
6221,4201-04
7823,4201-05
6366,4201-06
355,4205-01
6222,4205-03
357,4403A-01
358,4403A-03
5319,4403A-05
6256,4403A-06
6257,4403A-07
8098,4403A-08
6367,4403B-05
360,4403C-01
6368,4403C-03
362,4403D-01
3536,4403D-03
6258,4403D-04
6420,4403D-05
364,4405-01
365,4405-03
366,4405-05
5957,4405-06
6250,4405-07
6251,4405-08
6252,4405-09
368,4410-01
369,4410-02
370,4410-03
6253,4410-04
372,4501-01
1441,4501-02
3295,4501-03
3540,4501-04
6223,4501-05
6225,4501-06
374,4801A-01
890,4801A-02
3322,4801A-03
3323,4801A-04
6345,4801A-05
6346,4801A-07
376,4802A-01
377,4802A-02
378,4802A-03
1822,4802A-04
2374,4802A-05
3435,4802A-06
3436,4802A-07
3437,4802A-08
6347,4802A-09
6348,4802A-10
6349,4802A-11
7798,4802A-12
5559,50-01
1196,5001-01
1233,5001-02
6578,50-02
1254,5002-01
6579,50-03
1256,5003-01
1258,5004-01
1260,5005-01
1252,5006-01
1263,5007-01
1266,5008-01
1269,5009-01
5483,50-10
1272,5010-01
1274,5011-01
1277,5012-01
1279,5013-01
1281,5014-01
1283,5015-01
1296,5015-02
1297,5015-03
1298,5015-04
1285,5016-01
1287,5017-01
1289,5018-01
1292,5019-01
382,5030-01
383,5030-02
384,5030-04
380,503-01
6798,503-02
386,5031-01
387,5031-02
6226,5031-03
7121,5033-01
7198,5033-02
389,504-01
6799,504-02
6125,5050-01
2895,505-01
2896,505-02
5322,506-01
5323,506-02
7018,506-03
7019,506-04
3700,507-01
5563,510-01
6800,510-02
6801,510-03
6802,510-04
5564,51-01
391,5101-01
392,5101-02
6227,5101-03
5566,51-02
394,5102-01
395,5102-02
396,5102-03
397,5102-04
398,5102-05
878,5102-06
879,5102-07
880,5102-08
2914,5102-09
2915,5102-10
6382,5102-11
6385,5102-12
5976,51-03
6421,51-04
7079,5104-01
7080,5104-02
7081,5104-03
7082,5104-04
7083,5104-05
7200,5104-06
7201,5104-07
6538,51-05
5700,5106-01
5701,5106-02
5702,5106-03
5703,5106-04
5704,5106-05
6058,5106-06
6431,5106-07
7140,5107-01
7480,5107-02
5708,511-01
6120,512-01
5569,52-01
400,5201-01
952,5201-03
1525,5201-04
2239,5201-05
2240,5201-06
2241,5201-07
2243,5201-08
5783,5201-09
5916,5201-10
6432,5201-11
7119,5203-01
7203,5203-02
5620,5250-01
5624,5250-02
5626,5250-03
5996,5250-04
6660,5250-05
6681,5250-06
3702,533-01
3704,535-01
6618,535-02
402,5401-01
2714,5401-03
3296,5401-04
5596,5401-05
5635,5401-06
6433,5401-07
5819,55-01
6918,55-02
758,5502A-01
759,5502A-03
2358,5502A-04
3235,5502A-05
3954,5502A-06
5176,5502A-07
761,5502B-01
1937,5502B-03
1954,5502B-04
1939,5502B-05
2734,5502B-06
4957,5502B-07
763,5502C-01
764,5502C-04
2196,5502C-05
2494,5502C-06
2495,5502C-07
2735,5502C-08
6365,5502C-09
6363,5502C-10
6361,5502C-11
7458,55-03
404,5503A-02
405,5503A-03
406,5503A-04
407,5503A-06
3717,5503A-07
5220,5503A-08
6259,5503A-09
6260,5503A-10
6261,5503A-11
6360,5503A-12
6358,5503A-13
409,5503B-02
6356,5503B-03
7459,55-04
7460,55-05
411,5505A-01
412,5505A-02
1242,5505A-03
1245,5505A-04
414,5505B-01
416,5506A-01
4976,5506A-02
6355,5506A-03
418,5506B-01
4254,5506B-02
4255,5506B-03
420,5506C-01
421,5506C-02
1311,5506C-03
423,5506D-01
425,5507A-01
426,5507A-02
427,5507A-03
2997,5507A-04
2998,5507A-05
2999,5507A-06
766,5507B-01
429,5507C-01
430,5507C-02
1046,5508-01
1047,5508-02
1048,5508-03
1049,5508-04
432,5508A-01
434,5508B-01
435,5508B-02
436,5508B-03
438,5513-01
439,5513-02
440,5513-03
2780,5513-04
2796,5513-05
992,5517-01
993,5517-02
994,5517-03
1464,5517-04
1465,5517-05
2254,5517-06
2255,5517-07
2415,5517-08
3075,5517-09
3076,5517-10
3894,5517-11
442,5517A-01
444,5517B-01
446,5520A-01
448,5520B-01
450,5521A-01
452,5521B-01
453,5521B-03
455,5521C-01
456,5521C-03
458,5522A-01
459,5522A-02
461,5522B-01
463,5523A-01
464,5523A-02
465,5523A-03
1028,5523A-04
1029,5523A-05
2594,5523A-06
4657,5523A-07
4716,5523A-08
467,5523B-01
469,5525A-01
470,5525A-02
472,5525B-01
474,5534-01
475,5534-02
3000,5534-03
3001,5534-04
3002,5534-05
3003,5534-06
4222,5534-07
4223,5534-08
477,5537-01
478,5537-02
480,5540-01
797,5540-02
5675,5550-01
5676,5550-02
5677,5550-03
5515,6000-01
482,60-01
5517,6001-01
483,60-02
484,60-03
3741,60-04
1403,6006-01
1405,6007-01
1407,6008-01
1409,6009-01
486,601-01
3214,601-02
3215,601-03
5116,601-04
5117,601-05
8025,6014-01
8039,6017-01
8029,6018-01
1865,6024-01
1867,6025-01
1870,6027-01
1882,6027-02
2777,6027-03
5817,6030-01
6146,6030-02
6143,6031-01
8027,6032-01
8033,6034-01
488,606-01
768,607-01
769,607-02
770,607-03
2280,607-04
3736,607-05
6861,607-06
6862,607-07
490,608-01
491,608-02
1034,608-03
5878,608-04
7278,608-05
7279,608-06
493,609-01
3014,609-02
3015,609-03
495,61-01
496,61-02
497,61-03
498,61-04
1684,61-05
1685,61-06
1782,61-07
1783,61-08
1784,61-09
1785,61-10
1786,61-11
1787,61-12
3539,61-13
4214,61-14
4215,61-15
500,613-01
5567,614-01
5570,614-02
5584,614-03
5585,614-04
5587,614-05
6805,614-06
6806,614-07
5572,615-01
5978,615-02
6864,615-03
7998,615-04
7999,615-05
5574,616-01
5575,616-02
6808,616-03
6858,616-04
5602,617-01
5603,617-02
5977,617-03
6865,617-04
5577,618-01
5578,618-02
5600,618-03
6898,618-04
6998,618-05
5605,619-01
5622,619-02
5623,619-03
6818,619-04
7044,619-05
7398,619-06
5607,620-01
6809,620-02
6859,620-03
502,62-01
503,62-02
798,62-03
799,62-04
979,62-05
980,62-06
1035,62-07
1036,62-08
4216,62-09
4294,62-10
505,621-01
506,621-02
1523,621-05
6978,621-06
7982,621-07
4695,62-11
5778,62-12
6018,62-13
6144,62-14
6422,62-15
6423,62-16
6458,62-17
508,622-01
509,622-02
510,622-05
511,622-06
1053,622-07
513,623-01
514,623-02
516,624-01
517,624-02
518,624-03
519,624-04
1802,624-05
521,625-01
522,625-02
523,625-03
524,625-04
526,626-01
527,626-02
528,626-03
529,626-04
530,626-05
1917,626-06
2435,626-07
2436,626-08
6899,626-09
6900,626-10
532,627-01
533,627-02
534,627-03
535,627-04
944,627-05
1918,627-06
537,628-01
539,629-01
544,630-01
1974,630-02
541,63-01
542,63-02
4658,63-03
4659,63-04
5736,63-05
5737,63-06
6424,63-07
7204,63-08
7598,63-09
546,631-01
1976,631-02
548,633-01
1030,633-02
3737,633-03
1905,634-01
1919,634-02
4334,634-03
5784,634-04
5785,634-05
7038,634-06
7039,634-07
7040,634-08
7042,634-09
7043,634-10
4023,6350-01
8078,6350-02
1907,635-01
1920,635-02
2197,635-03
3742,635-04
4335,635-05
1909,636-01
1921,636-02
2198,636-03
3743,636-04
4095,636-05
4354,636-06
4355,636-07
4655,636-08
4656,636-09
7980,636-10
1863,637-01
1922,637-02
1994,637-03
2417,637-04
3114,637-05
3738,637-06
4096,637-07
3749,638-01
4114,638-02
3706,639-01
1911,640-01
1923,640-02
550,64-01
551,64-02
552,64-03
553,64-04
800,64-05
801,64-06
983,64-07
984,64-08
3774,64-09
3775,64-10
3896,641-01
4116,641-02
6819,641-03
6820,641-04
4274,64-11
4275,64-12
6680,64-13
7599,64-14
7618,64-15
6037,642-01
4194,642-02
5236,642-03
6838,642-04
6846,642-05
5580,643-01
6811,643-02
6860,643-03
5609,644-01
5610,644-02
5611,644-03
6866,644-04
6867,644-05
7979,644-06
5583,645-01
6821,645-02
3740,65-01
4174,65-02
4175,65-03
4176,65-04
5097,65-05
4514,66-01
4235,66-03
4236,66-04
4237,66-05
4664,66-06
6145,66-07
6425,66-08
4661,67-01
4662,67-02
4663,67-03
6426,67-04
7138,67-05
5777,68-01
5671,7000-01
5673,7001-01
555,701-01
556,701-02
8023,7015-01
8138,7015-02
558,702-01
559,702-03
3714,702-04
561,7030-01
1623,703-01
563,7031-01
8031,7037-01
5280,704-01
803,705-01
804,705-02
805,705-03
5365,705-05
6158,705-06
807,706-01
808,706-02
5366,706-03
810,707-01
811,707-02
5549,707-03
5658,707-04
813,708-01
814,708-02
3675,709-01
3681,710-01
844,711-01
845,711-02
2134,711-03
5367,711-04
5710,712-01
5711,712-02
5731,712-03
5732,712-04
7918,712-05
847,713-01
874,713-02
1190,713-03
849,714-01
875,714-02
851,715-01
2135,715-02
5376,715-03
8438,715-04
853,716-01
854,716-02
2136,716-03
5369,716-04
5613,717-01
5614,717-02
5657,717-03
6839,717-04
6840,717-05
5616,718-01
6841,718-02
6842,718-03
5619,719-01
5621,719-02
5656,719-03
6901,719-04
6902,719-05
3683,732-01
3685,733-01
3687,734-01
3753,735-01
4135,735-02
3755,736-01
4117,736-02
3757,737-01
4134,737-02
5781,737-03
6843,737-04
6844,737-05
3745,738-01
4136,738-02
6845,738-03
6847,738-04
3747,739-01
4137,739-02
5782,739-03
6903,739-04
6904,739-05
6760,740-01
3751,741-01
7899,750-01
816,80-01
565,8001A-01
566,8001A-02
2314,8001A-04
6350,8001A-05
876,80-02
1722,80-03
1723,80-04
1883,80-05
8021,8015-01
570,8030-01
568,803-01
572,805-01
1625,806-01
2137,806-02
2355,806-03
3814,806-04
4594,806-05
5371,806-06
1627,807-01
2138,807-02
5436,807-03
1629,808-01
2139,808-02
2356,808-03
4534,808-04
4674,808-05
5076,808-06
5856,808-07
1631,809-01
2140,809-02
5372,809-03
1633,810-01
2141,810-02
2357,810-03
5373,810-04
5836,810-05
3677,81-01
574,8101-01
3538,8101-03
6434,8101-04
7238,8101-05
576,8102-01
577,8102-02
5898,8102-04
6230,8102-05
6387,8102-06
579,8103-01
580,8103-02
2184,8103-03
3004,8103-04
6231,8103-05
6232,8103-06
6233,8103-07
7800,8103-08
582,8103R-01
583,8103R-02
817,8103R-03
818,8103R-05
585,8106-01
586,8106-02
1310,8106-03
6234,8106-04
746,8107-01
747,8107-02
6235,8107-03
588,8108-01
5899,8108-02
6238,8108-03
1563,811-01
2414,811-02
5196,811-03
3689,812-01
5538,813-01
5539,813-02
5541,814-01
5542,814-02
5543,814-03
7058,814-04
7059,814-05
590,8150-01
6389,8150-02
5477,815-01
5478,815-02
5876,815-03
5877,815-04
5286,8151-01
5544,8151-02
5545,8151-03
5282,82-01
6559,82-02
592,8203-01
1308,8203-02
1315,8203-03
2614,8203-04
3374,8203-05
3375,8203-06
4054,8203-07
4055,8203-08
5278,8203-09
6239,8203-10
6391,8203-11
6393,8203-12
594,8205-01
595,8205-02
860,8205-03
861,8205-04
3534,8205-05
3535,8205-06
6240,8205-07
6241,8205-08
6242,8205-09
6282,8205-10
6394,8205-11
6395,8205-12
597,8207-01
1037,8207-02
2214,8207-03
2215,8207-04
3376,8207-05
6243,8207-07
599,8208-01
3005,8208-02
3006,8208-03
3377,8208-04
6262,8208-05
1643,821-01
2195,822-01
2496,822-02
3234,822-03
3715,822-04
7619,822-05
7620,822-06
3835,823-01
3874,823-02
5223,823-03
601,8250-03
602,8250-05
603,8250-06
604,8250-07
6039,825-01
5289,8251-01
6762,826-01
3695,832-01
3696,832-02
3697,832-03
3698,832-04
4956,832-05
5548,832-06
8118,832-07
820,8350-01
821,8350-02
822,8350-03
823,8350-04
885,8350-05
1063,8350-06
2354,8350-07
3054,8350-08
3379,8350-09
3381,8350-10
3691,836-01
3693,837-01
7739,838-01
5284,83D-01
5456,83D-02
5356,83D-10
5397,83P-01
5780,83P-02
6778,83P-03
606,8401-01
1995,8401-03
3934,8401-04
6283,8401-05
6461,8401-06
7799,8401-07
749,8405-01
3297,8405-02
6263,8405-03
7801,8405-04
5547,85-01
608,8501-01
3298,8501-02
6264,8501-03
6427,85-02
3679,8550-01
6940,8551-01
4178,8650-01
610,901-01
1231,901-02
2359,901-03
4756,901-04
6430,901-05
7179,902-01
772,9030-01
773,9030-02
824,9030-03
825,9030-04
6285,9030-05
7759,903-01
751,9031-01
1943,9031-02
1944,9031-03
6286,9031-04
1942,9031R-01
612,9032-01
1410,9032-02
5277,9032-03
5897,9032-04
5903,9032-05
5900,9032-06
6287,9032-07
4917,9033-01
5216,9033-02
5217,9033-03
5218,9033-04
5219,9033-05
7761,9034-01
7762,9034-02
614,9101-01
615,9101-02
3545,9101-03
6288,9101-04
6396,9101-05
617,9103-01
1069,9103-02
5904,9103-03
6289,9103-04
619,9104-01
620,9104-02
2657,9104-04
6290,9104-05
6439,9104-06
7802,9104-07
622,9105-01
3542,9105-04
5902,9105-05
6291,9105-06
6397,9105-07
624,9106-01
625,9106-02
6292,9106-04
627,9201-01
858,9201-02
998,9201-03
999,9201-04
3382,9201-05
3474,9201-06
3575,9201-07
6294,9201-08
6399,9201-09
629,9202-03
630,9202-04
631,9202-05
1299,9202-06
1300,9202-07
3394,9202-08
3654,9202-09
6295,9202-10
6718,9202-11
6719,9202-12
7438,9202-13
7481,9202-14
633,9203-01
634,9203-02
636,9204-01
637,9204-02
3314,9204-03
3543,9204-04
3544,9204-05
3614,9204-06
6296,9204-07
6400,9204-08
639,9205-01
640,9205-02
641,9205-03
6301,9205-05
6303,9205-06
7803,9205-07
3395,9205-08
643,9206-01
644,9206-02
1038,9206-03
3396,9206-04
4737,9206-05
6304,9206-06
646,9207-01
3397,9207-02
648,9208-01
649,9208-02
1031,9208-03
2615,9208-04
3398,9208-05
3400,9208-06
6305,9208-07
6306,9208-08
6307,9208-09
651,9209-01
3315,9209-02
6308,9209-03
7804,9209-04
653,9210-01
3401,9210-02
6309,9210-03
7818,9210-04
655,9211-01
3403,9211-02
6310,9211-03
7819,9211-04
657,9212-01
658,9212-02
888,9214-01
3405,9214-02
3541,9214-03
6311,9214-04
6401,9214-05
660,9250-02
1010,9250-03
3007,9250-04
6463,9250-05
6518,9250-06
662,9401-01
753,9402-01
1213,9402-02
6313,9402-03
664,9403-01
665,9403-02
1065,9403-03
3406,9403-04
3408,9403-05
6314,9403-07
667,9404-01
3335,9404-02
6315,9404-03
669,9405-01
1295,9405-02
3409,9405-03
3734,9405-04
6316,9405-05
6440,9405-06
671,9407-01
672,9407-02
1077,9407-03
1078,9407-04
3412,9407-05
3413,9407-06
6318,9407-07
6464,9407-08
674,9408-01
675,9408-02
3414,9408-03
6319,9408-04
677,9410-01
864,9410-02
3417,9410-03
6321,9410-04
7820,9410-05
679,9411-01
3378,9411-02
6098,9411-03
6322,9411-04
6465,9411-05
681,9412-01
682,9412-02
1006,9412-04
1008,9412-05
1009,9412-06
1007,9412-07
1012,9412-08
1013,9412-10
1041,9412-11
1042,9412-12
2834,9412-13
2835,9412-14
3380,9412-15
3594,9412-16
3595,9412-17
6323,9412-18
6324,9412-19
684,9414-01
3383,9414-02
3720,9414-03
5317,9414-04
6325,9414-05
6392,9414-06
7821,9414-07
6740,9415-01
7218,9415-02
686,9501-01
687,9501-02
688,9501-03
689,9501-05
1248,9501-07
6326,9501-08
6390,9501-09
691,9502-01
692,9502-02
693,9502-03
954,9502-04
3074,9502-05
6327,9502-06
6388,9502-07
7822,9502-08
695,9503-01
696,9503-02
1023,9503-03
2874,9503-04
6329,9503-05
698,9550-01
826,9550-02
6099,9550-03
700,9801-01
701,9801-02
6330,9801-03
703,9803-01
955,9803-02
1482,9803-03
6331,9803-04
705,9804-01
706,9804-02
959,9805-01
960,9805-02
3399,9805-03
6332,9805-04
5480,9850-01
3635,9999-01
3636,9999-02
3637,9999-03
3638,9999-04
5661,AC01-01
5663,AC02-01
5665,AC03-01
5667,AC04-01
5718,AC05-01
5720,AC06-01
5722,AC07-01
5724,AC08-01
5726,AC09-01
5728,AC10-01
5519,AC12-01
5521,AC13-01
5523,AC14-01
5526,AC15-01
5528,AC16-01
5530,AC17-01
5513,AC18-01
5511,AC19-01
5509,AC20-01
5507,AC21-01
5505,AC22-01
5503,AC23-01
5501,AC24-01
5499,AC25-01
5497,AC26-01
5328,CM02-01
5330,CM03-01
5326,CM04-01
5332,CM05-01
5334,CM06-01
5336,CM07-01
5338,CM08-01
5340,CM09-01
5342,CM10-01
1088,E002-01
1091,E006-01
1094,E008-01
1096,E018-01
1098,E024-01
1100,E026-01
1102,E027-01
1104,E034-01
1106,E037-01
1109,E038-01
1111,E043-01
1114,E046-01
1119,E048-01
1121,E049-01
1123,E050-01
1126,E051-01
1128,E052-01
1130,E053-01
1132,E055-01
1082,E060-01
1134,E061-01
1136,E063-01
1138,E065-01
1140,E066-01
1142,E068-01
1144,E069-01
1146,E072-01
1149,E073-01
1151,E074-01
1084,E076-01
1153,E078-01
1155,E079-01
1157,E081-01
1159,E082-01
1161,E085-01
5016,E087-01
1163,E094-01
1165,E098-01
1167,E099-01
1169,E100-01
1171,E101-01
1176,E104-01
1178,E105-01
1180,E106-01
1182,E107-01
1184,E108-01
1186,E109-01
1188,E111-01
1174,E114-01
2676,E117-01
2956,E118-01
5937,E130-01
5358,PR01-01
5360,PR02-01
1324,S10-01
4434,S10-02
7578,S10-03
7579,S10-04
7639,S11-01
6599,S19-01
1327,S20-01
1328,S20-02
6178,S20-03
1330,S21-01
1332,S22-01
4877,S22-02
5036,S22-03
1335,S31-01
2054,S31-02
1396,S32-01
1397,S32-02
1340,S33-01
1341,S33-02
1342,S33-03
1344,S41-01
1345,S41-02
1347,S50-01
1348,S50-02
8238,S50-03
1351,S51-01
2754,S51-02
5796,S51-03
1353,S52-01
1354,S52-02
1377,S53-01
1356,S54-01
1357,S54-02
1359,S55-01
7319,S56-01
1361,S60-01
1362,S60-02
1364,S61-01
5756,S61-02
4395,S61-03
1366,S63-01
1367,S63-02
1369,S64-01
1370,S64-02
1372,S65-01
2094,S65-02
1374,S66-01
4936,S66-02
1379,S70-01
4937,S70-02
1337,S80-01
1338,S80-02
1662,S80-03
1381,S81-01
1383,S82-01
3794,S82-02
1386,S83-01
1387,S83-02
1388,S83-03
1389,S83-04
1391,S85-01
1393,S90-01
7339,S92-01
708,SA01-01
855,SA01-02
865,SA01-03
710,SC01A-01
712,SC01B-01
6466,SC01B-02
714,SC01R-01
877,SC01R-02
716,SC02A-01
718,SC02B-01
719,SC02B-02
6353,SC02B-03
721,SC03A-01
723,SC03B-01
725,SC04A-01
6351,SC04A-02
727,SC04B-01
3454,SC04B-02
5362,SD01-01
5364,SD02-01
4817,SE01-01
5237,SE01-02
4819,SE02-01
5637,ST01-01
5697,ST01-02
5698,ST01-03
