id_linha,nome_linha,shape_id,ponto_inicial,ponto_final
4801A 01,4801A,4801A-01I,109207300780,106312000753
9550  01,9550,9550-01I,111617000759,106161701501
4205  01,4205,4205-01V,100213500140,108136000278
9104  01,9104,9104-01V,112241700802,103549502274
301   01,301,301-01I,130311900120,130312000050
311   01,311,311-01I,130311900120,130312000050
313   01,313,313-01I,130311900120,130312000050
4103  02,4103,4103-02V,110663300580,109739500090
402   03,402,402-03I,130063100003,130063100003
2102  02,2102,2102-02I,107409200240,101299000920
9408  02,9408,9408-02V,106723500017,101794000010
9403  02,9403,9403-02V,112769400211,102004300211
8501  01,8501,8501-01V,101896800050,106031100550
9501  05,9501,9501-05V,111098400036,102356100011
203   01,203,203-01I,108253600219,108253600219
9211  01,9211,9211-01V,104962000253,103584500028
SC02A 01,SC02A,SC02A-01I,101722803300,101722803300
SC02B 01,SC02B,SC02B-01I,101522200232,101522200232
SC03B 01,SC03B,SC03B-01I,100808400071,100808400071
SC04A 01,SC04A,SC04A-01I,102966901116,102966901116
3501A 01,3501A,3501A-01I,103536600140,104016100295
3503A 01,3503A,3503A-01V,112146800351,111797000194
4405  01,4405,4405-01I,109503000015,109503000015
3054  02,3054,3054-02I,101871200470,101909000862
510   01,510,510-01I,101064800489,101064800489
815   01,815,815-01I,101865205600,101865205600
5104  01,5104,5104-01V,105026300001,104146700394
622   01,622,622-01I,107042600140,101153700105
9250  02,9250,9250-02I,103544100210,109572400071
9202  04,9202,9202-04I,100053300023,100053300023
4032  01,4032,4032-01I,103538100125,103538100125
204   01,204,204-01I,100017000170,100017000170
9502  03,9502,9502-03I,103544101023,110483000100
332   01,332,332-01I,100980200007,100130600640
3350  01,3350,3350-01I,100980200007,100130600640
315   01,315,315-01I,100980200007,100130600640
330   02,330,330-02I,100980200007,100130600640
633   02,633,633-02I,110998800036,110998800036
318   05,318,318-05I,100980200007,100130600640
9407  03,9407,9407-03I,102813301374,104745000356
8203  03,8203,8203-03I,101125000871,130036700870
4501  02,4501,4501-02I,110179700123,103853800093
331   03,331,331-03I,100980200007,100130600640
311   05,311,311-05I,104294900119,130312000050
8207  04,8207,8207-04I,100825800057,102471200430
5502C 06,5502C,5502C-06I,130340600455,108970900519
318   06,318,318-06I,130383900088,100130600640
9250  04,9250,9250-04V,109572400071,109572400071
9201  05,9201,9201-05I,100918800001,106588902379
4403D 03,4403D,4403D-03I,104147000010,104147000010
3501A 10,3501A,3501A-10I,103536600140,104016100295
9414  03,9414,9414-03V,108307500226,700037500555
738   01,738,738-01I,111339000257,111339000257
SC03A 01,SC03A,SC03A-01I,104274700052,104274700052
3302A 03,3302A,3302A-03I,300107700825,300107700825
4113  01,4113,4113-01V,113006201100,106479800015
103   01,103,103-01I,112720600521,112720600521
342   03,342,342-03I,106912700320,100130600640
2150  01,2150,2150-01V,107792000275,106588901959
50    02,50,50-02I,105481603700,105481603700
50    03,50,50-03I,105481603700,105481603700
621   06,621,621-06I,107042600140,101153700105
615   03,615,615-03I,105481603700,105289203700
644   05,644,644-05I,112652100051,105289203700
5104  02,5104,5104-02I,104146700394,105026300001
717   05,717,717-05I,105481603700,105289203700
738   04,738,738-04I,110998800036,108550600275
506   04,506,506-04I,103536600140,103536600140
619   06,619,619-06I,105481603700,102929300284
9034  01,9034,9034-01I,108699700200,108699700200
9034  02,9034,9034-02I,108699700200,108699700200
8405  04,8405,8405-04V,107199200184,111718600216
62    13,62,62-13I,107042600140,101153700105
504   02,504,504-02I,101865205600,101865205600
4034  13,4034,4034-13I,100694600080,100694600080
62    14,62,62-14V,101597200713,101153700105
4037  03,4037,4037-03I,107358100012,107358100012
8551  01,8551,8551-01I,101865205600,101865205600
5107  01,5107,5107-01I,105481603700,105481603700
9202  13,9202,9202-13I,100053300023,100053300023
2103  06,2103,2103-06I,107018000006,102940000973
614   02,614,614-02I,105481603700,105481603700
617   02,617,617-02I,105481603700,105289203700
644   02,644,644-02I,105481603700,105289203700
5401  05,5401,5401-05I,112613001980,106939800133
5401  06,5401,5401-06I,112613001980,106939800133
511   01,511,511-01I,103536600140,103536600140
62    12,62,62-12I,107042600140,101153700105
62    07,62,62-07I,107042600140,101153700105
64    03,64,64-03I,107042600140,101153700105
627   02,627,627-02I,107042600140,101153700105
6030  01,6030,6030-01V,101873800336,108550603759
305   01,305,305-01I,130311900120,130312000050
716   01,716,716-01I,101865205600,101865205600
713   01,713,713-01I,101865205600,101865205600
615   02,615,615-02V,105481603700,110944200009
705   06,705,705-06I,101865205600,101865205600
5503A 03,5503A,5503A-03I,109588100160,109588100160
3302D 01,3302D,3302D-01I,600067900072,600067900072
901   01,901,901-01I,100918800001,100918800001
8401  01,8401,8401-01I,102694800630,102694800630
9403  01,9403,9403-01I,102004300211,112769400211
402   04,402,402-04I,130063100003,130063100003
4108  02,4108,4108-02I,103536600140,103536600140
8102  02,8102,8102-02I,106583500151,112814900041
9205  03,9205,9205-03I,700002600262,109049700450
9101  02,9101,9101-02V,107902700390,102813300090
4403D 01,4403D,4403D-01I,104147000010,104147000010
3051  01,3051,3051-01I,107385600600,107385600600
SC04B 01,SC04B,SC04B-01I,102966901035,102966901035
3502  01,3502,3502-01V,108207200215,108064400267
8001A 02,8001A,8001A-02I,700000800001,101438700550
901   04,901,901-04I,100918800001,100918800001
506   02,506,506-02I,103536600140,103536600140
68    01,68,68-01I,110998800036,110998800036
615   01,615,615-01I,110944200009,110944200009
618   01,618,618-01I,111409000060,111409000060
3503A 03,3503A,3503A-03V,112146800351,111797000193
630   01,630,630-01I,110998800036,110998800036
4111  03,4111,4111-03V,101276000001,106939800501
8106  02,8106,8106-02V,101438700550,105119300250
328   01,328,328-01I,100980200007,100130600640
327   03,327,327-03I,100980200007,100130600640
33    05,33,33-05I,100980200007,100980200007
105   01,105,105-01I,100047300510,100047300510
808   01,808,808-01I,101865205600,101865205600
821   01,821,821-01I,103261701820,103261701820
637   01,637,637-01I,110998800036,110998800036
627   06,627,627-06I,107042600140,101153700105
311   03,311,311-03I,100980200007,100980200007
311   04,311,311-04I,104294900119,106751210295
631   02,631,631-02I,110998800036,108933300185
9208  04,9208,9208-04V,111293600038,111970500156
329   02,329,329-02I,100980200007,106751210235
1509  07,1509,1509-07V,101126200019,108307500226
5503A 07,5503A,5503A-07I,109588100160,109588100160
4403A 03,4403A,4403A-03I,108385700570,108385700570
9503  01,9503,9503-01I,112894600275,104781300385
9407  01,9407,9407-01I,102813301374,104745000356
202   01,202,202-01I,100017000170,100017000170
61    01,61,61-01I,107042600140,101153700105
327   01,327,327-01I,100980200007,100130600640
9502  04,9502,9502-04I,103544101023,105056608000
823   02,823,823-02I,130343500495,130343500495
8401  04,8401,8401-04I,102694800630,102694800630
3029  01,3029,3029-01I,102331600590,102331600590
341   01,341,341-01I,100980200007,100130600640
337   01,337,337-01I,100980200007,106751210295
3150  01,3150,3150-01I,102331600520,102331600520
643   02,643,643-02I,105481603700,105289203700
620   02,620,620-02I,105481603700,105481603700
641   03,641,641-03I,110998800036,110998800036
738   03,738,738-03I,111339000257,110998800036
3055  08,3055,3055-08I,100980200007,100130600640
3053  02,3053,3053-02I,100980200007,100130600640
9550  03,9550,9550-03I,111617000531,106161701501
2151  01,2151,2151-01V,100236500153,105344801164
718   03,718,718-03I,105481603700,105289203700
506   03,506,506-03I,103536600140,103536600140
338   01,338,338-01I,100980200007,100130600250
9211  04,9211,9211-04V,104962000253,103584500028
9410  05,9410,9410-05V,106112500200,102346001085
712   05,712,712-05I,102367500972,105289203700
7015  01,7015,7015-01I,110478200068,101137600375
6014  01,6014,6014-01I,110242800056,101137600375
82    02,82,82-02I,101865205600,101865205600
510   03,510,510-03I,101064800489,105289203700
616   04,616,616-04V,105481603700,600000200285
815   02,815,815-02I,101865205600,101865205600
85    01,85,85-01I,101865205600,101865205600
814   02,814,814-02I,101865205600,101865205600
614   03,614,614-03I,105481603700,105481603700
5250  02,5250,5250-02I,105481603700,130828600055
5201  03,5201,5201-03V,108972400279,111611400028
634   05,634,634-05I,110659900332,110659900332
3302A 07,3302A,3302A-07I,110332000271,300107700825
8205  01,8205,8205-01I,109007800166,102922400045
625   01,625,625-01I,107042600140,101153700105
713   03,713,713-03I,101865205600,101865205600
3051  03,3051,3051-03I,107385600600,105873101034
4103  01,4103,4103-01V,110663300580,109739500090
4110  01,4110,4110-01I,106939800501,500019200340
9030  01,9030,9030-01I,102656000001,102656000001
4111  01,4111,4111-01V,101276000001,106939800501
8101  01,8101,8101-01I,105803500405,107902700390
309   01,309,309-01I,130311900120,130311900120
608   01,608,608-01I,107042600140,101153700105
3050  01,3050,3050-01I,130311900120,130312000050
305   02,305,305-02I,130311900120,130312000050
305   03,305,305-03I,130311900120,130312000050
9104  02,9104,9104-02I,103549502274,103199900487
9407  02,9407,9407-02V,104745000356,102813301374
9106  02,9106,9106-02V,101299000896,101118700478
9502  02,9502,9502-02I,103544101023,110483000315
402   05,402,402-05I,130063100003,130063100003
319   02,319,319-02I,130323500014,130323500014
SC01A 01,SC01A,SC01A-01I,101722809716,101722809716
1404A 03,1404A,1404A-03I,106223101440,110302700904
506   01,506,506-01I,103536600140,103536600140
719   01,719,719-01I,110107500020,110107500020
2034  01,2034,2034-01I,112683700030,112683700030
4037  01,4037,4037-01I,107358100012,107358100012
8203  09,8203,8203-09I,101125000871,109113003015
631   01,631,631-01I,110998800036,110998800036
623   02,623,623-02I,107042600140,101153700105
401   03,401,401-03I,130063100003,130063100003
1502  01,1502,1502-01V,106654800220,105344801285
4501  01,4501,4501-01I,110666100231,103853800093
8107  01,8107,8107-01I,103397900021,104035000151
633   01,633,633-01I,110998800036,110998800036
705   01,705,705-01I,101865205600,101865205600
8205  04,8205,8205-04V,102922400045,110042200043
326   01,326,326-01I,100980200007,100130600640
329   01,329,329-01I,100980200007,100130600640
331   01,331,331-01I,100980200007,100130600640
4801A 02,4801A,4801A-02I,109207300780,106312000753
4031  01,4031,4031-01I,105152800095,105152800095
35    01,35,35-01I,100980200007,100980200007
311   02,311,311-02I,130311900120,130312000050
302   05,302,302-05I,130311900120,130312000050
3503A 06,3503A,3503A-06I,111797000194,112146800351
8106  03,8106,8106-03I,105119300250,101438700550
335   01,335,335-01I,100980200007,106751210295
107   01,107,107-01I,117230800001,117230800001
3501A 06,3501A,3501A-06I,103536600140,106996500986
8203  04,8203,8203-04V,109113003015,101772200359
9104  04,9104,9104-04I,103549502274,112241700802
9214  03,9214,9214-03V,111578600295,111578600295
732   01,732,732-01I,101865205600,101865205600
812   01,812,812-01I,101865205600,101865205600
836   01,836,836-01I,101865205600,101865205600
737   01,737,737-01I,108625000669,108625000669
SC01B 01,SC01B,SC01B-01I,101722810021,101722810021
5506A 01,5506A,5506A-01I,109690300019,109690300019
SC02B 02,SC02B,SC02B-02I,101522200232,101522200232
4201  01,4201,4201-01I,103594600110,103377700013
201   01,201,201-01I,117062002431,117062002431
9101  01,9101,9101-01I,102813300090,102813300090
314   01,314,314-01I,130311900120,130312000050
30    01,30,30-01I,130311900120,130311900120
8108  01,8108,8108-01I,104459400107,104459400107
305   04,305,305-04I,130311900120,130312000050
3050  17,3050,3050-17I,130311900120,130312000050
9202  11,9202,9202-11I,100053300023,112385400932
619   05,619,619-05I,105481603700,105289203700
5203  01,5203,5203-01V,102543800034,112293701020
9214  02,9214,9214-02V,111578600295,103584500028
3250  01,3250,3250-01I,130311900120,130312000050
8015  01,8015,8015-01I,102712800122,101137600375
3011  01,3011,3011-01I,109308900030,100314000281
642   05,642,642-05I,107042600140,101153700105
5250  04,5250,5250-04I,105481603700,105481603700
510   02,510,510-02I,105481603700,105289203700
634   06,634,634-06I,110659900332,110998800036
825   01,825,825-01I,101865205600,101865205600
330   08,330,330-08I,104294900119,100130600640
5106  05,5106,5106-05V,101438700550,108713600210
736   01,736,736-01I,110998800036,110998800036
626   05,626,626-05I,110463800123,110463800123
35    02,35,35-02I,100980200007,100130600640
303   03,303,303-03I,130311900120,130312000050
401   01,401,401-01I,130063100003,130063100003
9204  01,9204,9204-01V,112362400101,104539501901
9404  01,9404,9404-01I,130154300049,101398000084
503   01,503,503-01I,111564400100,111564400100
2103  01,2103,2103-01I,107018000006,102940000973
8203  01,8203,8203-01V,109113003015,101125000871
8405  01,8405,8405-01V,107199200184,111718600216
9205  01,9205,9205-01I,100510500055,105344800592
9402  01,9402,9402-01V,102832200300,106825301726
9408  01,9408,9408-01I,101794000010,106723500017
9210  01,9210,9210-01V,101345700551,106601500130
9502  01,9502,9502-01V,106161701503,103544101023
308   02,308,308-02I,100980200007,100130600640
1404C 01,1404C,1404C-01V,109285500070,102173000182
3501A 12,3501A,3501A-12V,104016100295,103536600140
4103  06,4103,4103-06I,109739500090,109739500090
318   08,318,318-08I,100980200007,100130600640
52    01,52,52-01I,105481603700,105481603700
5106  01,5106,5106-01V,101438700550,108713600210
63    01,63,63-01I,107042600140,101153700105
626   02,626,626-02I,107042600140,101153700105
321   02,321,321-02I,110256000098,110256000098
9208  02,9208,9208-02I,111970500156,111293600038
4034  02,4034,4034-02I,100694600080,100694600080
3052  01,3052,3052-01I,130311900120,130312000050
9801  02,9801,9801-02I,102321501410,101772200359
62    03,62,62-03I,107042600140,101153700105
32    01,32,32-01I,100980200007,100980200007
325   02,325,325-02I,100980200007,100130600640
707   01,707,707-01I,101865205600,101865205600
634   01,634,634-01I,110659900332,110659900332
640   01,640,640-01I,107042600140,101153700105
8103  03,8103,8103-03V,104038900495,103013200572
901   03,901,901-03I,100918800001,100918800001
206   01,206,206-01I,102273200010,102273200010
9502  05,9502,9502-05I,103544101023,110483000315
533   01,533,533-01V,103538100075,112293701215
639   01,639,639-01V,103538100075,600067900072
837   01,837,837-01I,101865205600,101865205600
823   01,823,823-01I,101865205600,101865205600
5503A 02,5503A,5503A-02I,109588100160,109588100160
9501  01,9501,9501-01V,111098400036,102356100011
621   01,621,621-01I,107042600140,101153700105
714   01,714,714-01I,101865205600,101865205600
3301B 02,3301B,3301B-02I,112293701215,112293701215
4033  03,4033,4033-03I,105152800122,105152800122
641   01,641,641-01I,112845400545,112845400545
340   01,340,340-01I,100980200007,106751210295
9415  01,9415,9415-01I,101009601038,101009601038
607   07,607,607-07I,600053900232,110998800036
83P   03,83P,83P-03I,101865205600,101865205600
645   02,645,645-02I,105481603700,105481603700
340   03,340,340-03I,100980200007,106751210295
902   01,902,902-01I,108699700200,108699700200
4103  08,4103,4103-08I,109739500090,110663300580
105   03,105,105-03I,100047300510,100047300510
822   05,822,822-05I,103261701820,103261701820
9209  04,9209,9209-04V,104482800035,102119000151
9210  04,9210,9210-04V,101345700551,106601500130
814   04,814,814-04I,101865205600,101865205600
644   06,644,644-06I,105481603700,112652100051
626   09,626,626-09I,107042600140,101153700105
719   05,719,719-05I,105481603700,105289203700
616   03,616,616-03I,105481603700,105289203700
83D   01,83D,83D-01I,101865205600,101865205600
814   03,814,814-03I,101865205600,101865205600
712   02,712,712-02I,105289203700,105289203700
3030  02,3030,3030-02I,109276700200,109276700200
5106  02,5106,5106-02V,101438700550,108713600210
8101  03,8101,8101-03I,105803500405,105803500405
642   03,642,642-03I,108550603755,101153700105
4102  03,4102,4102-03I,104262003126,104262003166
9032  05,9032,9032-05I,108810000200,108810000200
706   01,706,706-01I,101865205600,101865205600
806   01,806,806-01I,101865205600,101865205600
5503B 02,5503B,5503B-02I,105678000132,105678000132
5401  01,5401,5401-01V,106939800133,112613001980
8102  01,8102,8102-01I,106583500151,106583500081
8103  01,8103,8103-01V,104038900495,103013200572
9106  01,9106,9106-01V,101299000896,101118700478
310   01,310,310-01I,130311900120,130312000050
402   01,402,402-01I,130063100003,130063100003
609   01,609,609-01I,112845400545,112845400545
4107  02,4107,4107-02V,130601100342,111762400014
504   01,504,504-01I,111564400100,111564400100
9503  02,9503,9503-02V,104781300385,112894600275
9030  02,9030,9030-02I,101137600343,101137600343
1505  02,1505,1505-02V,103483000146,101067600793
4111  02,4111,4111-02I,106939800501,101276000001
67    01,67,67-01I,110998800036,110998800036
4113  07,4113,4113-07V,113006201100,113006201100
5506A 02,5506A,5506A-02I,109690300019,102744600275
82    01,82,82-01I,101865205600,101865205600
617   01,617,617-01I,108510200227,108510200227
643   01,643,643-01I,107096101016,107096101016
8151  01,8151,8151-01I,101438700550,101438700550
9414  04,9414,9414-04V,100755800185,700037500555
625   02,625,625-02I,107042600140,101153700105
9032  01,9032,9032-01I,108810000200,108810000200
SC01R 02,SC01R,SC01R-02I,103773700065,103773700065
32    02,32,32-02I,100980200007,100130600640
9805  02,9805,9805-02V,104693700111,111654600300
34    02,34,34-02I,100980200007,100980200007
3050  14,3050,3050-14I,130311900120,130312000050
4111  04,4111,4111-04I,106939800501,106939800501
807   01,807,807-01I,101865205600,101865205600
330   05,330,330-05I,104294900119,100130600640
33    06,33,33-06I,100980200007,100980200007
4033  01,4033,4033-01I,105152800122,105152800122
5503A 06,5503A,5503A-06I,109588100160,109588100160
1030  05,1030,1030-05I,101722811675,101722811675
609   02,609,609-02I,112845400545,112845400545
609   03,609,609-03I,112845400545,112845400545
9405  03,9405,9405-03V,101018400381,106381400751
9805  03,9805,9805-03V,104693700111,111654600300
9105  04,9105,9105-04I,700000100270,700000100270
4501  04,4501,4501-04I,110666100231,110666100231
9405  04,9405,9405-04V,101018400381,106381400751
202   02,202,202-02I,100017000170,100017000170
709   01,709,709-01I,101865205600,101865205600
734   01,734,734-01I,101865205600,101865205600
64    09,64,64-09I,107042600140,101153700105
9209  01,9209,9209-01V,104482800035,102119000151
336   03,336,336-03I,112658802213,112658802213
3050  10,3050,3050-10I,130311900120,130312000050
637   07,637,637-07I,110998800036,111567200238
301   05,301,301-05I,130311900120,130312000050
9202  12,9202,9202-12V,112385400932,100053300023
641   04,641,641-04I,112845400545,110998800036
607   06,607,607-06I,110998800036,110998800036
5104  04,5104,5104-04I,104146700394,104146700394
617   04,617,617-04I,105481603700,104833700575
644   04,644,644-04I,105481603700,105289203700
737   05,737,737-05I,110998800036,110998800036
5104  03,5104,5104-03I,104146700394,104146700394
67    05,67,67-05I,110998800036,110998800036
832   07,832,832-07I,101865205600,101865205600
64    14,64,64-14I,107042600140,101153700105
9104  07,9104,9104-07V,112241700802,103549502274
4110  07,4110,4110-07I,106939800501,500019200340
6032  01,6032,6032-01I,110606600376,101137600487
814   05,814,814-05I,101865205600,101865205600
3020  01,3020,3020-01I,107853101800,100314000281
66    07,66,66-07I,110998800036,105124000319
620   03,620,620-03I,106893400065,105289203700
626   10,626,626-10I,600026400247,101153700105
618   05,618,618-05V,105481603700,111409000060
634   07,634,634-07I,110998800036,110659900332
634   09,634,634-09I,110659900332,110998800036
634   10,634,634-10I,110998800036,110998800036
813   02,813,813-02I,101865205600,101865205600
5250  03,5250,5250-03V,130828600055,105481603700
63    06,63,63-06I,107042600140,101153700105
5106  04,5106,5106-04I,108713600210,101438700550
737   03,737,737-03I,108625000141,108625000141
739   03,739,739-03I,110998800036,110998800036
3302B 02,3302B,3302B-02I,600001100044,600001100044
815   04,815,815-04I,102712800122,101865205600
8107  02,8107,8107-02I,103397900021,104035000151
8205  02,8205,8205-02I,109007800166,102922400045
9412  12,9412,9412-12I,112884500155,105567300150
5102  06,5102,5102-06I,110428806631,110428800190
832   01,832,832-01I,101865205600,101865205600
617   03,617,617-03I,108510200227,105481603700
51    03,51,51-03I,105481603700,105481603700
4102  01,4102,4102-01I,104262003126,101335600013
2102  01,2102,2102-01V,101299000920,107409200240
4107  01,4107,4107-01I,111762400014,130601100342
9103  01,9103,9103-01I,106601500130,106287800602
9208  01,9208,9208-01V,111293600038,111970500156
303   01,303,303-01I,130311900120,130312000050
4106  02,4106,4106-02I,105225600340,104348800102
8103  02,8103,8103-02I,103013200572,104038900495
5102  03,5102,5102-03V,106287800604,110456500610
3301A 01,3301A,3301A-01I,108296800379,108296800379
3301B 01,3301B,3301B-01I,112293701215,112293701215
4802A 01,4802A,4802A-01V,104830900830,106534300002
5502C 01,5502C,5502C-01I,108970900519,108970900519
332   02,332,332-02I,105559801753,100130600640
5503A 08,5503A,5503A-08I,109588100160,109588100160
51    01,51,51-01I,105481603700,105481603700
712   01,712,712-01I,102367500972,102367500972
718   01,718,718-01I,106811100039,106811100039
3302A 04,3302A,3302A-04I,300107700825,300107700825
4150  02,4150,4150-02V,101438700550,103538100005
9414  01,9414,9414-01V,100755800185,700037500555
201   02,201,201-02I,117062002431,117062002431
708   01,708,708-01I,101865205600,101865205600
8205  03,8205,8205-03V,102922400045,109007800166
325   01,325,325-01I,100980200007,100130600640
331   02,331,331-02I,100980200007,100130600640
9208  03,9208,9208-03I,111970500156,111970500156
3055  01,3055,3055-01I,100980200007,100130600640
102   02,102,102-02I,130167900001,130167900001
621   05,621,621-05I,109891100069,101153700105
4111  05,4111,4111-05I,106939800501,106939800501
703   01,703,703-01I,101865205600,101865205600
3050  16,3050,3050-16I,130311900120,130312000050
328   02,328,328-02I,113029200135,100130600640
635   02,635,635-02I,110998800036,110998800036
636   02,636,636-02I,110998800036,110998800036
8001A 04,8001A,8001A-04I,107029302103,107029302103
5502C 07,5502C,5502C-07I,108970900519,130340600455
9412  13,9412,9412-13I,112884500155,105567300150
5102  09,5102,5102-09I,110428806631,106287800604
8103  04,8103,8103-04V,104038900495,104038900495
3055  05,3055,3055-05I,100980200007,106799800554
507   01,507,507-01I,108064400267,103538100075
710   01,710,710-01I,101865205600,101865205600
735   01,735,735-01I,110998800036,110998800036
1505R 01,1505R,1505R-01I,103409900495,103409900495
1170  01,1170,1170-01V,100770600050,104038900525
2104  02,2104,2104-02V,500000200525,103649800057
8106  01,8106,8106-01V,101438700550,105119300250
2104  04,2104,2104-04I,103649800057,500000200525
342   01,342,342-01I,100980200007,100130600640
342   02,342,342-02I,100980200007,100130600640
342   04,342,342-04I,100980200007,100130600640
6350  01,6350,6350-01I,110998800036,100130600640
8203  08,8203,8203-08I,101125000871,109113003015
6031  01,6031,6031-01I,108550603755,105223000304
9250  06,9250,9250-06I,111617000759,109572400071
614   06,614,614-06V,105481603700,110242800056
739   05,739,739-05I,110998800036,110998800036
2152  01,2152,2152-01I,104251700205,101115900075
838   01,838,838-01I,111708500060,111708500060
9205  07,9205,9205-07V,105344800592,100510500055
9205  08,9205,9205-08V,109049700450,700002600262
6018  01,6018,6018-01I,111409000060,101137600487
503   02,503,503-02I,101865205600,101865205600
822   06,822,822-06I,103261701820,103261701820
826   01,826,826-01I,131015500085,131015500085
7015  02,7015,7015-02I,110478200068,101137600375
83P   01,83P,83P-01I,101865205600,101865205600
8151  03,8151,8151-03I,101438700550,101865205600
8151  02,8151,8151-02I,101865205600,101438700550
618   02,618,618-02I,105481603700,105481603700
616   02,616,616-02I,105481603700,105481603700
619   02,619,619-02I,105481603700,105289203700
619   03,619,619-03I,102929300284,102929300284
406   01,406,406-01I,103536600140,103536600140
5550  01,5550,5550-01V,103536600140,105481603700
63    05,63,63-05I,107042600140,101153700105
5106  03,5106,5106-03V,101438700550,108713600210
5201  09,5201,5201-09I,111611400028,108972400279
634   04,634,634-04I,110659900332,110659900332
64    01,64,64-01I,107042600140,101153700105
638   01,638,638-01I,110998800036,110998800036
4102  04,4102,4102-04I,104262003126,104262003126
8205  05,8205,8205-05V,102922400045,110042200043
1505  01,1505,1505-01I,101067600793,102970300027
308   01,308,308-01I,100980200007,100130600640
4108  04,4108,4108-04I,103536600140,103536600140
4403C 01,4403C,4403C-01I,110353400220,110353400220
2104  01,2104,2104-01V,500000200525,103649800057
2101  01,2101,2101-01V,107792000273,106588902151
30    02,30,30-02I,130311900120,130312000050
30    03,30,30-03I,130311900120,130312000050
30    08,30,30-08V,105056608000,130312000050
5503A 04,5503A,5503A-04I,109588100160,109588100160
8208  01,8208,8208-01I,103897200036,107565000281
101   01,101,101-01I,111652000342,111652000342
3503A 02,3503A,3503A-02I,111797000194,112146800351
4403A 01,4403A,4403A-01I,104147000164,104147000164
8001A 01,8001A,8001A-01V,101438700550,700000800001
SE02  01,SE02,SE02-01I,109113003015,109113003015
2033  01,2033,2033-01I,130828600055,130828600055
616   01,616,616-01I,600000200285,600000200285
619   01,619,619-01I,102929300284,102929300284
620   01,620,620-01I,106893400065,106893400065
813   01,813,813-01I,101865205600,101865205600
5250  01,5250,5250-01V,130828600055,105481603700
624   02,624,624-02I,107042600140,101153700105
9202  03,9202,9202-03I,100053300023,100053300023
4032  02,4032,4032-02I,103538100125,103538100125
3052  04,3052,3052-04I,130311900120,130312000050
9550  02,9550,9550-02V,110428800175,111617000759
205   01,205,205-01I,103226701049,103226701049
3054  01,3054,3054-01I,101871200470,101871200470
327   02,327,327-02I,100980200007,100130600640
3053  01,3053,3053-01I,100980200007,100130600640
9412  11,9412,9412-11I,112884500155,105567300150
9403  03,9403,9403-03V,112769400211,102004300211
809   01,809,809-01I,101865205600,101865205600
3050  15,3050,3050-15I,101032003993,130312000050
8350  07,8350,8350-07V,100980200007,101865205600
637   04,637,637-04I,110998800036,110998800036
32    07,32,32-07I,100980200007,100980200007
9101  03,9101,9101-03V,107902700390,102813300090
9204  05,9204,9204-05I,104539501901,104539502041
535   01,535,535-01I,600001100057,103538100075
8550  01,8550,8550-01I,101865205600,101865205600
65    01,65,65-01I,110998800036,110998800036
1510  01,1510,1510-01V,105151500085,105344801285
3501B 01,3501B,3501B-01V,109007800166,109441600342
4802A 03,4802A,4802A-03V,104830900830,106534300002
607   01,607,607-01I,600053900232,600053900232
102   01,102,102-01I,130167900001,130167900001
330   03,330,330-03I,100980200007,100130600640
336   01,336,336-01I,112658802213,112658802213
336   02,336,336-02I,112658802213,112658802213
8203  07,8203,8203-07V,109113003015,101125000871
3055  04,3055,3055-04I,100980200007,100130600640
208   01,208,208-01I,100980200007,100130600640
618   04,618,618-04I,105481603700,105289203700
619   04,619,619-04I,102929300284,105289203700
642   04,642,642-04I,107042600140,101153700105
718   02,718,718-02I,106811100039,105289203700
63    09,63,63-09I,107042600140,101153700105
8401  07,8401,8401-07I,102694800630,102694800630
8103  08,8103,8103-08V,104038900495,103013200572
9414  07,9414,9414-07V,108307500226,700037500555
9502  08,9502,9502-08I,103544101023,106161701503
6034  01,6034,6034-01I,110659900332,101137600487
4403A 08,4403A,4403A-08I,104147000164,104147000164
740   01,740,740-01I,130435400021,130435400021
643   03,643,643-03I,107096101016,105289203700
636   10,636,636-10I,110998800036,105624400469
6030  02,6030,6030-02I,108550603755,101873800336
51    05,51,51-05I,105481603700,105481603700
715   04,715,715-04I,101865205600,101865205600
614   04,614,614-04I,101159300008,101159300008
618   03,618,618-03I,101481201300,101481201300
808   07,808,808-07I,101865205600,101865205600
4405  03,4405,4405-03I,109503000015,109503000015
4405  05,4405,4405-05I,109503000015,109503000015
9201  06,9201,9201-06V,106588902379,130020800005
8102  04,8102,8102-04V,112814900041,103721700111
8108  02,8108,8108-02I,104459400107,104459400107
9105  01,9105,9105-01I,700000100270,108050200209
5201  10,5201,5201-10I,106161701504,108972400279
402   06,402,402-06I,130063100003,130063100003
4405  06,4405,4405-06I,109503000015,109503000015
642   01,642,642-01I,108550603755,108550603755
8207  01,8207,8207-01I,107470400140,102471200430
9411  01,9411,9411-01V,108025300178,111617000760
8150  01,8150,8150-01V,101299000890,106583500120
4106  01,4106,4106-01I,105225600340,105225600340
4108  01,4108,4108-01I,103536600140,103536600140
5102  01,5102,5102-01V,106287800604,110428800190
9410  01,9410,9410-01I,102346001085,106112500200
9801  01,9801,9801-01V,101772200359,102321501410
304   01,304,304-01I,130311900120,130312000050
2101  02,2101,2101-02I,106588902151,107792000273
4113  03,4113,4113-03I,106479800015,113006201100
4410  01,4410,4410-01I,107104000671,107104000671
318   02,318,318-02I,100980200007,100130600640
SC01R 01,SC01R,SC01R-01I,103773700065,103773700065
1505  03,1505,1505-03V,102970300027,108307500226
3302A 01,3302A,3302A-01I,300107700825,300107700825
1145  01,1145,1145-01I,105698100330,105698100330
4034  10,4034,4034-10I,100694600080,100694600080
4107  06,4107,4107-06V,130601100342,111762400014
811   01,811,811-01I,101865205600,101865205600
50    01,50,50-01I,105481603700,105481603700
614   01,614,614-01I,110242800056,110242800056
644   01,644,644-01I,112652100051,112652100051
645   01,645,645-01I,111427600521,111427600521
814   01,814,814-01I,101865205600,101865205600
62    01,62,62-01I,107042600140,101153700105
624   01,624,624-01I,107042600140,101153700105
3052  02,3052,3052-02I,130311900120,130312000050
715   01,715,715-01I,101865205600,101865205600
104   01,104,104-01I,101722811675,101722811675
33    01,33,33-01I,100980200007,100980200007
330   01,330,330-01I,100980200007,100130600640
1404A 05,1404A,1404A-05V,110302700904,106223101440
9407  04,9407,9407-04V,104745000356,102813301374
9501  07,9501,9501-07I,102315500201,111098400036
810   01,810,810-01I,101865205600,101865205600
201   03,201,201-03I,117062002431,117062002431
4802A 05,4802A,4802A-05I,106534300002,104830900830
822   03,822,822-03I,109822800112,103261701820
8205  06,8205,8205-06I,109007800166,102922400045
9201  07,9201,9201-07V,106588902379,100918800001
9204  06,9204,9204-06I,104539501901,104539501901
302   01,302,302-01I,130311900120,130312000050
319   01,319,319-01I,130323500014,130323500014
5102  04,5102,5102-04V,106287800604,110428800190
623   01,623,623-01I,107042600140,101153700105
9206  01,9206,9206-01I,100891300035,102471200540
66    01,66,66-01I,110998800036,110998800036
9411  03,9411,9411-03V,108025300178,111617000531
5104  05,5104,5104-05I,107134300143,107134300143
737   04,737,737-04I,108625000669,110998800036
739   04,739,739-04I,130053200385,110998800036
717   04,717,717-04I,106811100039,105289203700
608   06,608,608-06I,130319200300,101153700105
903   01,903,903-01I,108810000200,108810000200
4802A 12,4802A,4802A-12I,106534300002,104830900830
3029  02,3029,3029-02I,102331600590,101137600237
5033  01,5033,5033-01I,108296800379,108296800379
3030  04,3030,3030-04I,109276700200,109276700200
4201  05,4201,4201-05V,103377700013,103594600110
6350  02,6350,6350-02I,110998800036,110998800036
719   04,719,719-04I,110107500020,105289203700
6017  01,6017,6017-01I,108510200227,101137600487
702   01,702,702-01I,110998800036,110998800036
8350  02,8350,8350-02V,100980200007,101865205600
717   02,717,717-02I,106811100039,106811100039
719   02,719,719-02I,105481603700,105289203700
51    02,51,51-02I,105481603700,105481603700
2035  01,2035,2035-01I,300520000372,300520000372
3030  01,3030,3030-01I,109276700200,109276700200
712   03,712,712-03I,102367500972,105289203700
8207  03,8207,8207-03I,107470400140,100314000322
739   01,739,739-01I,130053200385,130053200385
83P   02,83P,83P-02I,101865205600,101865205600
64    10,64,64-10I,110998800036,110998800036
626   06,626,626-06I,600026400247,600026400247
3302B 01,3302B,3302B-01I,600001100057,600001100057
9103  03,9103,9103-03V,106287800602,100295800122
9105  05,9105,9105-05I,700000100270,700000100270
302   04,302,302-04I,130311900120,130312000050
321   01,321,321-01I,110256000098,110256000098
711   01,711,711-01I,101865205600,101865205600
330   04,330,330-04I,104294900119,100130600640
